Student_ID,Name,Branch,Semester,Section,Computer Networks,DAA,DBMS,Operating Systems,Average_Marks,Highest_Marks,Lowest_Marks,Total_Marks,Subject_Count,Failed_Subjects,Passed_Subjects,Percentage,Performance_Category,Risk_Target
ST001,Rahul,CSE,5,A,69.0,63.0,55.0,50.0,59.25,69.0,50.0,237.0,4,0,4,59.25,Needs Improvement,1
ST002,Aman,CSE,5,A,98.0,91.0,90.0,83.0,90.5,98.0,83.0,362.0,4,0,4,90.5,Excellent,0
ST003,Ravi,CSE,5,B,56.0,55.0,47.0,63.0,55.25,63.0,47.0,221.0,4,0,4,55.25,Needs Improvement,1
ST004,Priya,CSE,5,A,78.0,68.0,76.0,83.0,76.25,83.0,68.0,305.0,4,0,4,76.25,Good,0
ST005,Neha,CSE,5,A,56.0,52.0,74.0,65.0,61.75,74.0,52.0,247.0,4,0,4,61.75,Average,1
ST006,Arjun,CSE,5,B,43.0,54.0,38.0,46.0,45.25,54.0,38.0,181.0,4,1,3,45.25,At Risk,1
ST007,Ananya,CSE,5,B,73.0,89.0,78.0,81.0,80.25,89.0,73.0,321.0,4,0,4,80.25,Excellent,0
ST008,Karan,CSE,5,A,52.0,55.0,63.0,65.0,58.75,65.0,52.0,235.0,4,0,4,58.75,Needs Improvement,1
ST009,Simran,CSE,5,B,82.0,87.0,75.0,73.0,79.25,87.0,73.0,317.0,4,0,4,79.25,Good,0
ST010,Rohit,CSE,5,A,84.0,84.0,75.0,81.0,81.0,84.0,75.0,324.0,4,0,4,81.0,Excellent,0
ST011,Aditya,CSE,5,A,44.0,32.0,42.0,46.0,41.0,46.0,32.0,164.0,4,1,3,41.0,At Risk,1
ST012,Sneha,CSE,5,B,62.0,65.0,63.0,71.0,65.25,71.0,62.0,261.0,4,0,4,65.25,Average,1
ST013,Vikas,CSE,5,B,49.0,57.0,56.0,60.0,55.5,60.0,49.0,222.0,4,0,4,55.5,Needs Improvement,1
ST014,Pooja,IT,5,A,53.0,70.0,58.0,64.0,61.25,70.0,53.0,245.0,4,0,4,61.25,Average,1
ST015,Nikhil,CSE,5,A,53.0,60.0,61.0,69.0,60.75,69.0,53.0,243.0,4,0,4,60.75,Average,1
ST016,Kavya,CSE,5,A,81.0,85.0,94.0,84.0,86.0,94.0,81.0,344.0,4,0,4,86.0,Excellent,0
ST017,Ankit,CSE,5,A,82.0,70.0,85.0,74.0,77.75,85.0,70.0,311.0,4,0,4,77.75,Good,0
ST018,Shreya,CSE,5,B,39.0,37.0,45.0,40.0,40.25,45.0,37.0,161.0,4,2,2,40.25,At Risk,1
ST019,Manish,IT,5,A,51.0,53.0,46.0,65.0,53.75,65.0,46.0,215.0,4,0,4,53.75,Needs Improvement,1
ST020,Riya,CSE,5,A,78.0,87.0,78.0,79.0,80.5,87.0,78.0,322.0,4,0,4,80.5,Excellent,0
ST021,Ayush,CSE,5,B,74.0,79.0,73.0,78.0,76.0,79.0,73.0,304.0,4,0,4,76.0,Good,0
ST022,Nisha,CSE,5,A,76.0,74.0,71.0,70.0,72.75,76.0,70.0,291.0,4,0,4,72.75,Good,0
ST023,Varun,CSE,5,A,88.0,63.0,68.0,82.0,75.25,88.0,63.0,301.0,4,0,4,75.25,Good,0
ST024,Muskan,CSE,5,A,42.0,48.0,39.0,50.0,44.75,50.0,39.0,179.0,4,1,3,44.75,At Risk,1
ST025,Harsh,CSE,5,B,92.0,96.0,91.0,93.0,93.0,96.0,91.0,372.0,4,0,4,93.0,Excellent,0
ST026,Ishita,CSE,5,B,70.0,70.0,70.0,77.0,71.75,77.0,70.0,287.0,4,0,4,71.75,Good,0
ST027,Abhishek,CSE,5,A,88.0,87.0,92.0,81.0,87.0,92.0,81.0,348.0,4,0,4,87.0,Excellent,0
ST028,Sakshi,CSE,5,A,66.0,72.0,55.0,53.0,61.5,72.0,53.0,246.0,4,0,4,61.5,Average,1
ST029,Yash,CSE,5,A,69.0,59.0,58.0,59.0,61.25,69.0,58.0,245.0,4,0,4,61.25,Average,1
ST030,Tanya,CSE,5,B,40.0,49.0,32.0,53.0,43.5,53.0,32.0,174.0,4,1,3,43.5,At Risk,1
ST031,Mohit,CSE,5,B,97.0,86.0,87.0,87.0,89.25,97.0,86.0,357.0,4,0,4,89.25,Excellent,0
ST032,Aditi,CSE,5,A,56.0,54.0,66.0,50.0,56.5,66.0,50.0,226.0,4,0,4,56.5,Needs Improvement,1
ST033,Saurabh,CSE,5,B,83.0,84.0,71.0,76.0,78.5,84.0,71.0,314.0,4,0,4,78.5,Good,0
ST034,Komal,CSE,5,A,85.0,87.0,92.0,76.0,85.0,92.0,76.0,340.0,4,0,4,85.0,Excellent,0
ST035,Deepak,CSE,5,B,71.0,51.0,49.0,57.0,57.0,71.0,49.0,228.0,4,0,4,57.0,Needs Improvement,1
ST036,Mehak,CSE,5,B,92.0,91.0,89.0,81.0,88.25,92.0,81.0,353.0,4,0,4,88.25,Excellent,0
ST037,Akash,CSE,5,B,58.0,52.0,67.0,52.0,57.25,67.0,52.0,229.0,4,0,4,57.25,Needs Improvement,1
ST038,Payal,CSE,5,B,57.0,51.0,68.0,56.0,58.0,68.0,51.0,232.0,4,0,4,58.0,Needs Improvement,1
ST039,Gaurav,CSE,5,A,72.0,67.0,79.0,72.0,72.5,79.0,67.0,290.0,4,0,4,72.5,Good,0
ST040,Divya,CSE,5,B,52.0,52.0,43.0,58.0,51.25,58.0,43.0,205.0,4,0,4,51.25,Needs Improvement,1
ST041,Rohan,CSE,5,A,55.0,32.0,40.0,52.0,44.75,55.0,32.0,179.0,4,1,3,44.75,At Risk,1
ST042,Kriti,CSE,5,B,67.0,70.0,77.0,81.0,73.75,81.0,67.0,295.0,4,0,4,73.75,Good,0
ST043,Shubham,CSE,5,A,67.0,80.0,72.0,79.0,74.5,80.0,67.0,298.0,4,0,4,74.5,Good,0
ST044,Anjali,IT,5,B,68.0,52.0,61.0,62.0,60.75,68.0,52.0,243.0,4,0,4,60.75,Average,1
ST045,Naveen,CSE,5,A,57.0,58.0,60.0,62.0,59.25,62.0,57.0,237.0,4,0,4,59.25,Needs Improvement,1
ST046,Preeti,IT,5,B,51.0,62.0,69.0,59.0,60.25,69.0,51.0,241.0,4,0,4,60.25,Average,1
ST047,Raj,IT,5,B,75.0,83.0,92.0,87.0,84.25,92.0,75.0,337.0,4,0,4,84.25,Excellent,0
ST048,Swati,CSE,5,B,64.0,66.0,54.0,68.0,63.0,68.0,54.0,252.0,4,0,4,63.0,Average,1
ST049,Varsha,CSE,5,A,89.0,88.0,76.0,91.0,86.0,91.0,76.0,344.0,4,0,4,86.0,Excellent,0
ST050,Vivek,IT,5,A,54.0,54.0,40.0,41.0,47.25,54.0,40.0,189.0,4,0,4,47.25,At Risk,1
